{"web":{"client_id":"249963721119-sp5pnb8ld4ajkinuo43ebmaugq4l2u1c.apps.googleusercontent.com","project_id":"infinite-facet-209009","auth_uri":"https://accounts.google.com/o/oauth2/auth","token_uri":"https://www.googleapis.com/oauth2/v3/token","auth_provider_x509_cert_url":"https://www.googleapis.com/oauth2/v1/certs","client_secret":"nA39BC1VIajP5gBuXL8dHsnu","redirect_uris":["http://localhost:8080","http://localhost:8080/oauth2callback.php","http://10.4.20.84.xip.io/oauth2callback.php","http://108project.000webhostapp.com/oauth2callback.php"]}}